Nom,Path,Resp,Appoint
Bâche cuve fen ~25m2,barrieres,barrieres,0
Pistolet à eau,matos->autres,matos,0
Corde à linge 20m,matos->autres,matos,0
Aspirateur (vieux avec ecocup au bout),matos->electromenager,matos,0
Assiette plastique,matos->cuisine,matos,0
Casserole moyenne,matos->cuisine,matos,0
Choppe en bois,matos->cuisine,matos,0
Couteau,matos->cuisine,matos,0
Couvercle marmitte petit,matos->cuisine,matos,0
Couvercle tupperware petit,matos->cuisine,matos,0
Couvercle tupperware petit,matos->cuisine,matos,0
Econome,matos->cuisine,matos,0
Ecumoir,matos->cuisine,matos,0
Eponges,matos->cuisine,matos,0
Fourchette,matos->cuisine,matos,0
Couteau coupant gros,matos->cuisine,matos,0
Fouet gros,matos->cuisine,matos,0
Cuillère grande,matos->cuisine,matos,0
Marmitte petite,matos->cuisine,matos,0
Moule muffin,matos->cuisine,matos,0
Couteau coupant moyen,matos->cuisine,matos,0
Paire de manique,matos->cuisine,matos,0
Passoire,matos->cuisine,matos,0
Couteau coupant petit,matos->cuisine,matos,0
Saladier petit,matos->cuisine,matos,0
Shaker petit,matos->cuisine,matos,0
Cuillère petite,matos->cuisine,matos,0
Marmitte petite,matos->cuisine,matos,0
Plat en verre,matos->cuisine,matos,0
Plateaux,matos->cuisine,matos,0
Poêle grande,matos->cuisine,matos,0
Poêle moyenne,matos->cuisine,matos,0
Saladier à fond plat,matos->cuisine,matos,0
Séchoir (vaiselle),matos->cuisine,matos,0
Tablier,matos->cuisine,matos,0
Tasse,matos->cuisine,matos,0
Théière jaune,matos->cuisine,matos,0
Torchon,matos->cuisine,matos,0
Tupperware petit,matos->cuisine,matos,0
Verre à shot,matos->cuisine,matos,0
Wok,matos->cuisine,matos,0
Appareil croque monsieur,matos->cuisine,matos,0
Assiette carton,matos->cuisine,matos,0
Coupelle tasse,matos->cuisine,matos,0
Assiette plastique,matos->cuisine,matos,0
Baguette chinoise,matos->cuisine,matos,0
Thermos 250mL,matos->cuisine,matos,0
Boite allumette (x240),matos->cuisine,matos,0
Bol alu,matos->cuisine,matos,0
Bougie,matos->cuisine,matos,0
Briquet fonctinnel,matos->cuisine,matos,0
Broche mergez,matos->cuisine,matos,0
Chinois,matos->cuisine,matos,0
Corbeille à fruit,matos->cuisine,matos,0
Coupe griffe,matos->cuisine,matos,0
Coupelle beurk,matos->cuisine,matos,0
Couteau à pain,matos->cuisine,matos,0
Couteau plastique (x100),matos->cuisine,matos,0
Cuillère a soupe plastique,matos->cuisine,matos,0
Cuillère bois jetable petite,matos->cuisine,matos,0
Cuillère bois grande,matos->cuisine,matos,0
Cuillère café plastique,matos->cuisine,matos,0
Cuillère salade,matos->cuisine,matos,0
Cure dent,matos->cuisine,matos,0
Ecrase ail,matos->cuisine,matos,0
Entonoir,matos->cuisine,matos,0
Essui verre,matos->cuisine,matos,0
Film plastique (rouleau),matos->cuisine,matos,0
Filtre café,matos->cuisine,matos,0
Fouet,matos->cuisine,matos,0
Fourchette bois jetable,matos->cuisine,matos,0
Fourchette plastique (x100),matos->cuisine,matos,0
Gaz chantilly,matos->cuisine,matos,0
Gobelet plastique,matos->cuisine,matos,0
Grand ecumoir,matos->cuisine,matos,0
Grand perco,matos->cuisine,matos,0
Gros couteau,matos->cuisine,matos,0
Grosse poele,matos->cuisine,matos,0
Hachoir,matos->cuisine,matos,0
Machine à café,matos->cuisine,matos,0
Fouet grand,matos->cuisine,matos,0
Mixeur,matos->cuisine,matos,0
Nappe carrée,matos->cuisine,matos,0
Ouvre boite,matos->cuisine,matos,0
Panière à pain,matos->cuisine,matos,0
Panière à pain métal,matos->cuisine,matos,0
Ecumoir petit,matos->cuisine,matos,0
Fouet petit,matos->cuisine,matos,0
Rouleau à patisserie petit,matos->cuisine,matos,0
Wok petit,matos->cuisine,matos,0
Louche petite,matos->cuisine,matos,0
Poêle petite,matos->cuisine,matos,0
Pierre à éguiser,matos->cuisine,matos,0
Pince,matos->cuisine,matos,0
Pince à linge,matos->cuisine,matos,0
Pique brochette,matos->cuisine,matos,0
Planche à découper,matos->cuisine,matos,0
Plat rond en verre,matos->cuisine,matos,0
Plateau métal,matos->cuisine,matos,0
Plateau plastique beurk,matos->cuisine,matos,0
Plateau repas plastique,matos->cuisine,matos,0
Poêle à crêpes,matos->cuisine,matos,0
Poêle sans manche,matos->cuisine,matos,0
Poêlon raclette,matos->cuisine,matos,0
Poignée casserole,matos->cuisine,matos,0
Poupée russe de bol,matos->cuisine,matos,0
Raclette crepe,matos->cuisine,matos,0
Range couvert,matos->cuisine,matos,0
Rape,matos->cuisine,matos,0
Sac liasse biodegradable (x100),matos->cuisine,matos,0
Sac plastique,matos->cuisine,matos,0
Sèche couvert,matos->cuisine,matos,0
Serviette jetable,matos->cuisine,matos,0
Siphon chantilly,matos->cuisine,matos,0
Spatule,matos->cuisine,matos,0
Spatule bois,matos->cuisine,matos,0
Tablier PE gauffré,matos->cuisine,matos,0
Tasse,matos->cuisine,matos,0
Tasse café,matos->cuisine,matos,0
Théière,matos->cuisine,matos,0
"Thermos 0,5L",matos->cuisine,matos,0
"Thermos 1,5L",matos->cuisine,matos,0
Thermos 1L,matos->cuisine,matos,0
Touillette plastique,matos->cuisine,matos,0
Tourchon,matos->cuisine,matos,0
Vérine plastique,matos->cuisine,matos,0
Verre à vin,matos->cuisine,matos,0
Verre coca,matos->cuisine,matos,0
Verre doseur 750mL,matos->cuisine,matos,0
Verre long cocktail,matos->cuisine,matos,0
Verre plastique,matos->cuisine,matos,0
Verre verre,matos->cuisine,matos,0
Verre whisky,matos->cuisine,matos,0
Couvercle petite casserole,matos->cuisine,matos,0
Cuillère à spaghetti,matos->cuisine,matos,0
Etaleur pâte à crêpes,matos->cuisine,matos,0
Four multifonction,matos->cuisine,matos,0
Grand saladier métal,matos->cuisine,matos,0
Louche grande,matos->cuisine,matos,0
Poêle grande,matos->cuisine,matos,0
Grille four,matos->cuisine,matos,0
Machine à croque,matos->cuisine,matos,0
Marmitte,matos->cuisine,matos,0
Mini rouleau à patisserie,matos->cuisine,matos,0
Plat pyrex rectangulaire,matos->cuisine,matos,0
Moule glaçon,matos->cuisine,matos,0
Saladier petit alu,matos->cuisine,matos,0
Marmitte petite,matos->cuisine,matos,0
Pince à barbecue,matos->cuisine,matos,0
Plaque de four,matos->cuisine,matos,0
Plaque electrique 2000W,matos->cuisine,matos,0
Plat à tarte,matos->cuisine,matos,0
Rouleau à pizza,matos->cuisine,matos,0
Saladier de présentation en verre,matos->cuisine,matos,0
Saladier en verre,matos->cuisine,matos,0
Sac colliers heras,barrieres,barrieres,0
Tuyaux eau potable PE Ø25 50m,elec->flotte,elec,0
Canapés,matos->canape/fauteuil,matos,0
Sac poubelle noir 100L (rouleau),matos->proprete,matos,0
Sac poubelle vert 100L (rouleau),matos->proprete,matos,0
Lest sable,matos->tente,matos,0
Poubelle plastique blanche,matos->proprete,matos,0
Porte 6x14 blanche,matos->tente,matos,0
Mât démontable,elec->autres,elec,0
Leste fonte,matos->tente,matos,0
Mur 3x3 (3x2 m) blanc,matos->tente,matos,0
Mur 3x3 (3x2 m) noir,matos->tente,matos,0
Palette 1.2x0.8 m,matos->manutention,matos,0
Poubelle haute,matos->proprete,matos,0
Ampoule LED 4W filament,elec->eclairage,elec,0
Assiette moche,matos->cuisine,matos,0
Bac lave vaiselle plat 50x50,matos->cuisine,matos,0
Bac lave vaiselle verre 50x50,matos->cuisine,matos,0
Bidon 10 L avec verseur,matos->cuisine,matos,0
Bidon 10L sans bouchon,matos->cuisine,matos,0
Bidon 15L,matos->cuisine,matos,0
Bracelets coureur,matos->autres,matos,0
Caisse laposte 200x500mm,matos->manutention,matos,0
Caisse pliante,matos->manutention,matos,0
Chaine plastique 25m,matos->secu,matos,0
Enrouleur cable cuivre,elec->autres,elec,0
Fil de terre (en m),elec->autres,elec,0
Kit étagère métal,matos->mobilier,matos,0
Lambe de chevet loge bois,matos->mobilier,matos,0
Néon sans câble (décom),elec->eclairage,elec,0
Peluches sac,matos->autres,matos,0
Piquet de terre,elec->autres,elec,0
Pompe d'évacuation eau usée,elec->flotte,elec,0
Projet vélo chargeur,matos->autres,matos,0
Prolongateur (P+N+T) 16A 45m,elec->alimentation,elec,0
Pulvérisateur manuel,matos->autres,matos,0
Réhausse de demi-palette 0.6x0.8m,matos->manutention,matos,0
Réhausse de palette 1.2x0.8m,matos->manutention,matos,0
Réhausse de palette démontée (planche),matos->manutention,matos,0
Sonette vélo,matos->autres,matos,0
T-shirt orga,matos->autres,matos,0
Tours de cou médaille,matos->autres,matos,0
Trépied métal base,matos->autres,matos,0
Trétau bois,matos->outillage,matos,0
Cône de chantier,matos->autres,matos,0
Mur (2x2) blanc,matos->tente,matos,0
Mur 3x3 (3x2 m) blanc,matos->tente,matos,0
Porte 3x3 blanche,matos->tente,matos,0
Porte 5x8 blanche (2x5),matos->tente,matos,0
Matelas 1.9x0.9m,matos->literie,matos,0
Demi palette 0.6x0.8m,matos->manutention,matos,0
Palette 1.2x0.8 m,matos->manutention,matos,0
Evier,elec->flotte,elec,0
Pouf,matos->mobilier,matos,0
Table avec pieds detachés,matos->mobilier,matos,0
Balai poil souple,matos->proprete,matos,0
Banc 1m80,matos->mobilier,matos,0
Boule disco,elec->eclairage,elec,0
Câble HDMI / HDMI 2m,matos->bureautique,matos,0
Câble Jack / XLR 10m,matos->bureautique,matos,0
Caisse plastique,matos->manutention,matos,0
Clavier,matos->bureautique,matos,0
Enceinte stereo local,matos->bureautique,matos,0
Grand coussin banquette,matos->mobilier,matos,0
Grande table bois,matos->mobilier,matos,0
Souris,matos->bureautique,matos,0
Tableau blanc 2x1.5m,matos->mobilier,matos,0
Tabouret haut,matos->mobilier,matos,0
Traversin banquette,matos->mobilier,matos,0
Adaptateur P17 M / P16 F,matos->bureautique,matos,0
Borne WiFi 4G,matos->bureautique,matos,0
Câble alimentation bipolaire 1m,matos->bureautique,matos,0
Câble alimentation tripolaire 1m50,matos->bureautique,matos,0
Câble Display Port 1m50,matos->bureautique,matos,0
Câble ethernet (RJ45) 10m,matos->bureautique,matos,0
Câble ethernet (RJ45) 15m,matos->bureautique,matos,0
Câble ethernet (RJ45) 1m,matos->bureautique,matos,0
Cable RJ45 / RJ11,matos->bureautique,matos,0
Cable RJ45 / USB A,matos->bureautique,matos,0
Câble USB A / USB B 1m,matos->bureautique,matos,0
Câble VGA / VGA 2m,matos->bureautique,matos,0
Cadenas ordinateur,matos->bureautique,matos,0
Chargeurs allume cigare / USB A,matos->bureautique,matos,0
Corde d'escalade 15m,matos->manutention,matos,0
Draps colorés,matos->literie,matos,0
Matelas gonflable,matos->literie,matos,0
Multiprise 8 prises,elec->alimentation,elec,0
Pinces crocodiles,elec->autres,elec,0
Prolongateur (P+N) 16A 2m,elec->alimentation,elec,0
Routeur 8x RJ45,matos->bureautique,matos,0
Sangle à cliquet 2m 500kg,matos->manutention,matos,0
Sangle à cliquet 3m 500kg,matos->manutention,matos,0
Sangle à cliquet 3m 500kg crochets,matos->manutention,matos,0
Sangle à cliquet 5m 1250kg,matos->manutention,matos,0
Sangle à cliquet 5m 500kg,matos->manutention,matos,0
Sangle camion 5m 6000kg,matos->manutention,matos,0
Sangle rapide 2m 500kg,matos->manutention,matos,0
Sangle rapide 5m 500kg,matos->manutention,matos,0
Spanset / Elingue fen,matos->manutention,matos,0
Téléphone fixe gigaset,matos->bureautique,matos,0
Triplette (prise),elec->alimentation,elec,0
Batterie externe,matos->bureautique,matos,0
Box internet,matos->bureautique,matos,0
Câble alimentation PC16 / bipolaire,matos->bureautique,matos,0
Câble alimentation PC16 / tripolaire CEE7,matos->bureautique,matos,0
"Câble fouet (USB, ligthning)",matos->bureautique,matos,0
Câble HDMI / HDMI 2m,matos->bureautique,matos,0
Câble micro jack / micro jack,matos->bureautique,matos,0
Cable RCA / micro jack,matos->bureautique,matos,0
Câble RJ45 / RJ45,matos->bureautique,matos,0
Câble téléphone T / RJ11,matos->bureautique,matos,0
Câble USB A / Apple lightning,matos->bureautique,matos,0
Câble USB A / micro USB,matos->bureautique,matos,0
Câble USB A / USB B,matos->bureautique,matos,0
Câble USB A / USB C,matos->bureautique,matos,0
Câble VGA / VGA 2m,matos->bureautique,matos,0
Cable XLR / Jack 35mm 5m,matos->bureautique,matos,0
Calculatrice,matos->bureautique,matos,0
Chargeur 230V / micro USB,matos->bureautique,matos,0
Chargeur MAC,matos->bureautique,matos,0
Chargeur USB C,matos->bureautique,matos,0
Clavier filaire,matos->bureautique,matos,0
Clavier sans fil,matos->bureautique,matos,0
Ecouteurs,matos->bureautique,matos,0
Enceinte mono local,matos->bureautique,matos,0
Etiqueteuse,matos->bureautique,matos,0
Micro output XLR,matos->bureautique,matos,0
Onduleur 8x prises,matos->bureautique,matos,0
Ordinateur portable,matos->bureautique,matos,0
Porte badge,matos->bureautique,matos,0
Poubelle de bureau,matos->mobilier,matos,0
Routeur 8x RJ45,matos->bureautique,matos,0
Scanner A4,matos->bureautique,matos,0
Souris,matos->bureautique,matos,0
Tableau blanc 1.5x1m,matos->mobilier,matos,0
Bidon 20L,matos->autres,matos,0
Serre joint 350mm,matos->cuisine,matos,0
Plaque à induction 2000W,matos->cuisine,matos,0
